number,price_now,price_init,range,buy,sell,after_tax,time
n0001,20.8722,20.8405,0.0015,20.9348,20.8096,19.4569,2017-04-13 20:24:46
n0002,109.3623,110.6749,-0.0119,109.6904,109.0342,101.947,2017-04-13 20:24:46
n0003,0.6782,0.6823,-0.006,0.6802,0.6762,0.6322,2017-04-13 20:24:46
n0004,17.7439,18.0046,-0.0145,17.7971,17.6907,16.5408,2017-04-13 20:24:46
n0005,37.4729,37.3929,0.0021,37.5853,37.3605,34.9321,2017-04-13 20:24:46
n0006,55.5955,55.1548,0.008,55.7623,55.4287,51.8258,2017-04-13 20:24:46
n0007,100.84200000000001,101.3885,-0.0054,101.1445,100.5395,94.0044,2017-04-13 20:24:46
n0008,20.8237,20.8139,0.0005,20.8862,20.7612,19.4117,2017-04-13 20:24:46
n0009,1.0262,1.0396,-0.0129,1.0293,1.0231,0.9566,2017-04-13 20:24:46
n0010,121.5189,121.0697,0.0037,121.8834,121.1543,113.2793,2017-04-13 20:24:46
n0011,10.1209,10.0251,0.0096,10.1513,10.0906,9.4347,2017-04-13 20:24:46
n0012,63.8177,64.0624,-0.0038,64.0091,63.6262,59.4905,2017-04-13 20:24:46
n0013,57.6977,57.5802,0.002,57.8708,57.5246,53.7855,2017-04-13 20:24:46
n0014,3.5866,3.5585,0.0079,3.5974,3.5759,3.3434,2017-04-13 20:24:46
n0015,41.335,41.5632,-0.0055,41.458999999999996,41.21100000000001,38.5323,2017-04-13 20:24:46
n0016,1.2841,1.2836,0.0004,1.2879,1.2802,1.197,2017-04-13 20:24:46
n0017,34.8864,35.3463,-0.013000000000000001,34.9911,34.7818,32.521,2017-04-13 20:24:46
n0018,20.0677,19.8982,0.0085,20.1279,20.0075,18.707,2017-04-13 20:24:46
n0019,0.4992,0.4945,0.0095,0.5007,0.4977,0.4653,2017-04-13 20:24:46
n0020,63.3499,63.2872,0.001,63.5399,63.1598,59.0544,2017-04-13 20:24:46
n0021,3.7476,3.7946,-0.0124,3.7588,3.7363,3.4935,2017-04-13 20:24:46
n0022,25.8156,25.9853,-0.0065,25.8931,25.7382,24.0652,2017-04-13 20:24:46
n0023,24.4091,24.4257,-0.0007,24.4823,24.3359,22.754,2017-04-13 20:24:46
n0024,6.8027,6.8997,-0.0141,6.8231,6.7823,6.3414,2017-04-13 20:24:46
n0025,167.3878,168.7717,-0.0082,167.8899,166.8856,156.03799999999995,2017-04-13 20:24:46
n0026,8.9382,8.8636,0.0084,8.965,8.9114,8.3322,2017-04-13 20:24:46
n0027,148.6505,146.5591,0.0143,149.0964,148.2045,138.5713,2017-04-13 20:24:46
n0028,245.0242,244.8063,0.0009,245.7593,244.2891,228.4103,2017-04-13 20:24:46
n0029,7.1579999999999995,7.11,0.0068,7.1795,7.1365,6.6726,2017-04-13 20:24:46
n0030,31.1447,31.1984,-0.0017,31.2382,31.0513,29.033,2017-04-13 20:24:46
n0031,0.5454,0.5374,0.0149,0.547,0.5438,0.5084,2017-04-13 20:24:46
n0032,41.217,41.6018,-0.0092,41.3406,41.0933,38.4223,2017-04-13 20:24:46
n0033,6.0491,6.0048,0.0074,6.0672,6.0309,5.6389,2017-04-13 20:24:46
n0034,2.1022,2.0748,0.0132,2.1086,2.0959,1.9597,2017-04-13 20:24:46
n0035,713.3381,713.4451,-0.0002,715.4781,711.1981,664.9702,2017-04-13 20:24:46
n0036,12.912,12.8388,0.0057,12.9507,12.8732,12.0365,2017-04-13 20:24:46
n0001,20.6589,20.8722,-0.0102,20.7209,20.5969,19.2581,2017-04-13 20:27:47
n0002,108.8855,109.3623,-0.0044,109.2121,108.5588,101.5025,2017-04-13 20:27:47
n0003,0.6865,0.6782,0.0123,0.6886,0.6845,0.64,2017-04-13 20:27:47
n0004,17.5331,17.7439,-0.0119,17.5857,17.4805,16.3443,2017-04-13 20:27:47
n0005,37.6505,37.4729,0.0047,37.7635,37.5376,35.0976,2017-04-13 20:27:47
n0006,56.1843,55.5955,0.0106,56.3528,56.0157,52.3747,2017-04-13 20:27:47
n0007,99.4756,100.84200000000001,-0.0136,99.774,99.1772,92.7306,2017-04-13 20:27:47
n0008,20.8876,20.8237,0.0031,20.9503,20.825,19.4713,2017-04-13 20:27:47
n0009,1.0354,1.0262,0.0089,1.0385,1.0322,0.9652,2017-04-13 20:27:47
n0010,120.9769,121.5189,-0.0045,121.3399,120.61399999999999,112.7741,2017-04-13 20:27:47
n0011,9.99,10.1209,-0.0129,10.02,9.9601,9.3127,2017-04-13 20:27:47
n0012,63.0532,63.8177,-0.012,63.2423,62.864,58.7778,2017-04-13 20:27:47
n0013,58.2481,57.6977,0.0095,58.4229,58.0734,54.2986,2017-04-13 20:27:47
n0014,3.5728,3.5866,-0.0038,3.5835,3.5621,3.3306,2017-04-13 20:27:47
n0015,41.4185,41.335,0.002,41.5428,41.2942,38.6101,2017-04-13 20:27:47
n0016,1.2695,1.2841,-0.0114,1.2733,1.2657,1.1834,2017-04-13 20:27:47
n0017,34.6945,34.8864,-0.0055,34.7986,34.5904,32.3421,2017-04-13 20:27:47
n0018,20.2907,20.0677,0.0111,20.3515,20.2298,18.9148,2017-04-13 20:27:47
n0019,0.4927,0.4992,-0.013000000000000001,0.4942,0.4912,0.4593,2017-04-13 20:27:47
n0020,62.8957,63.3499,-0.0072,63.0844,62.707,58.631,2017-04-13 20:27:47
n0021,3.783,3.7476,0.0094,3.7944,3.7717,3.5265,2017-04-13 20:27:47
n0022,25.4361,25.8156,-0.0147,25.5124,25.3598,23.7114,2017-04-13 20:27:47
n0023,24.456,24.4091,0.0019,24.5293,24.3826,22.7977,2017-04-13 20:27:47
n0024,6.7581,6.8027,-0.0066,6.7784,6.7379,6.2999,2017-04-13 20:27:47
n0025,167.2706,167.3878,-0.0007,167.7724,166.7688,155.9288,2017-04-13 20:27:47
n0026,8.8124,8.9382,-0.0141,8.8388,8.7859,8.2148,2017-04-13 20:27:47
n0027,149.0281,148.6505,0.0025,149.4752,148.58100000000005,138.9232,2017-04-13 20:27:47
n0028,247.0824,245.0242,0.0084,247.8237,246.3412,230.329,2017-04-13 20:27:47
n0029,7.1224,7.1579999999999995,-0.005,7.1437,7.101,6.6394,2017-04-13 20:27:47
n0030,31.5072,31.1447,0.0116,31.6017,31.4127,29.3709,2017-04-13 20:27:47
n0031,0.5386,0.5454,-0.0125,0.5402,0.537,0.5021,2017-04-13 20:27:47
n0032,41.3864,41.217,0.0041,41.5106,41.2622,38.5802,2017-04-13 20:27:47
n0033,6.1094,6.0491,0.01,6.1277,6.0911,5.6952,2017-04-13 20:27:47
n0034,2.0724,2.1022,-0.0142,2.0786,2.0662,1.9319,2017-04-13 20:27:47
n0035,715.0858,713.3381,0.0024,717.2310000000001,712.9405,666.5994,2017-04-13 20:27:47
n0036,13.0192,12.912,0.0083,13.0582,12.9801,12.1364,2017-04-13 20:27:47
n0001,20.5015,20.6589,-0.0076,20.563,20.44,19.1114,2017-04-13 20:30:49
n0002,108.6939,108.8855,-0.0018,109.0199,108.3678,101.3239,2017-04-13 20:30:49
n0003,0.6967,0.6865,0.0149,0.6988,0.6946,0.6495,2017-04-13 20:30:49
n0004,17.3702,17.5331,-0.0093,17.4223,17.3181,16.1924,2017-04-13 20:30:49
n0005,37.9265,37.6505,0.0073,38.0403,37.8127,35.3549,2017-04-13 20:30:49
n0006,55.8444,56.1843,-0.006,56.0119,55.6769,52.0579,2017-04-13 20:30:49
n0007,99.4567,99.4756,-0.0002,99.7551,99.1583,92.713,2017-04-13 20:30:49
n0008,20.6042,20.8876,-0.0136,20.666,20.5423,19.2071,2017-04-13 20:30:49
n0009,1.0274,1.0354,-0.0077,1.0305,1.0243,0.9577,2017-04-13 20:30:49
n0010,122.0536,120.9769,0.0089,122.4198,121.6874,113.7778,2017-04-13 20:30:49
n0011,10.1375,9.99,0.0148,10.1679,10.107,9.4501,2017-04-13 20:30:49
n0012,63.1402,63.0532,0.0014,63.3296,62.9508,58.859,2017-04-13 20:30:49
n0013,57.8351,58.2481,-0.0071,58.0086,57.6616,53.9136,2017-04-13 20:30:49
n0014,3.5508,3.5728,-0.0062,3.5615,3.5402,3.3101,2017-04-13 20:30:49
n0015,40.813,41.4185,-0.0146,40.9354,40.6905,38.0456,2017-04-13 20:30:49
n0016,1.2584,1.2695,-0.0088,1.2622,1.2546,1.1731,2017-04-13 20:30:49
n0017,34.9672,34.6945,0.0079,35.0721,34.8623,32.5962,2017-04-13 20:30:49
n0018,20.5689,20.2907,0.0137,20.6306,20.5072,19.1742,2017-04-13 20:30:49
n0019,0.4929,0.4927,0.0003,0.4943,0.4914,0.4594,2017-04-13 20:30:49
n0020,62.0749,62.8957,-0.013,62.2611,61.8887,57.8659,2017-04-13 20:30:49
n0021,3.7558,3.783,-0.0072,3.7671,3.7445,3.5011,2017-04-13 20:30:49
n0022,25.676,25.4361,0.0094,25.753,25.5989,23.935,2017-04-13 20:30:49
n0023,24.096,24.456,-0.0147,24.1683,24.0237,22.4622,2017-04-13 20:30:49
n0024,6.6982,6.7581,-0.0089,6.7183,6.6781,6.2441,2017-04-13 20:30:49
n0025,168.5686,167.2706,0.0078,169.0743,168.0629,157.1388,2017-04-13 20:30:49
n0026,8.8061,8.8124,-0.0007,8.8325,8.7796,8.209,2017-04-13 20:30:49
n0027,149.0624,149.0281,0.0002,149.5096,148.6152,138.9552,2017-04-13 20:30:49
n0028,245.0464,247.0824,-0.0082,245.7816,244.3113,228.4311,2017-04-13 20:30:49
n0029,7.1821,7.1224,0.0084,7.2036,7.1605,6.6951,2017-04-13 20:30:49
n0030,31.9559,31.5072,0.0142,32.0517,31.86,29.7891,2017-04-13 20:30:49
n0031,0.5333,0.5386,-0.0099,0.5349,0.5317,0.4971,2017-04-13 20:30:49
n0032,41.6641,41.3864,0.0067,41.7891,41.5391,38.8391,2017-04-13 20:30:49
n0033,6.1862,6.1094,0.0126,6.2048,6.1676,5.7667,2017-04-13 20:30:49
n0034,2.0707,2.0724,-0.0008,2.0769,2.0645,1.9303,2017-04-13 20:30:49
n0035,718.6898,715.0858,0.005,720.8459,716.5338,669.9591,2017-04-13 20:30:49
n0036,12.9106,13.0192,-0.0083,12.9494,12.8719,12.0352,2017-04-13 20:30:49
n0001,20.3986,20.5015,-0.005,20.4598,20.3374,19.0155,2017-04-13 20:33:50
n0002,108.7841,108.6939,0.0008,109.1105,108.4578,101.40799999999999,2017-04-13 20:33:50
n0003,0.688,0.6967,-0.0126,0.69,0.6859,0.6413,2017-04-13 20:33:50
n0004,17.254,17.3702,-0.0067,17.3058,17.2022,16.0841,2017-04-13 20:33:50
n0005,38.3031,37.9265,0.0099,38.418,38.1882,35.705999999999996,2017-04-13 20:33:50
n0006,55.9259,55.8444,0.0015,56.0937,55.7582,52.1339,2017-04-13 20:33:50
n0007,100.1837,99.4567,0.0073,100.4843,99.8832,93.3908,2017-04-13 20:33:50
n0008,20.4791,20.6042,-0.0061,20.5406,20.4177,19.0905,2017-04-13 20:33:50
n0009,1.0272,1.0274,-0.0002,1.0303,1.0241,0.9575,2017-04-13 20:33:50
n0010,120.3949,122.0536,-0.0136,120.7561,120.0337,112.2315,2017-04-13 20:33:50
n0011,10.059,10.1375,-0.0077,10.0892,10.0289,9.377,2017-04-13 20:33:50
n0012,63.0215,63.1402,-0.0019,63.2106,62.8324,58.7483,2017-04-13 20:33:50
n0013,58.6876,57.8351,0.0147,58.8637,58.5115,54.7083,2017-04-13 20:33:50
n0014,3.5174,3.5508,-0.0094,3.5279,3.5068,3.2789,2017-04-13 20:33:50
n0015,41.1073,40.813,0.0072,41.2306,40.9839,38.32,2017-04-13 20:33:50
n0016,1.2568,1.2584,-0.0013,1.2606,1.253,1.1716,2017-04-13 20:33:50
n0017,34.9564,34.9672,-0.0003,35.0612,34.8515,32.5861,2017-04-13 20:33:50
n0018,20.3883,20.5689,-0.0088,20.4495,20.3271,19.0059,2017-04-13 20:33:50
n0019,0.4915,0.4929,-0.0029,0.4929,0.49,0.4581,2017-04-13 20:33:50
n0020,62.9247,62.0749,0.0137,63.1135,62.7359,58.6581,2017-04-13 20:33:50
n0021,3.7166,3.7558,-0.0104,3.7277,3.7054,3.4646,2017-04-13 20:33:50
n0022,25.8344,25.676,0.0062,25.9119,25.7569,24.0827,2017-04-13 20:33:50
n0023,24.3856,24.096,0.012,24.4588,24.3125,22.7322,2017-04-13 20:33:50
n0024,6.6891,6.6982,-0.0014,6.7092,6.669,6.2355,2017-04-13 20:33:50
n0025,169.3272,168.5686,0.0045,169.8351,168.8192,157.8459,2017-04-13 20:33:50
n0026,8.7279,8.8061,-0.0089,8.7541,8.7017,8.1361,2017-04-13 20:33:50
n0027,148.6107,149.0624,-0.003,149.0566,148.1649,138.5342,2017-04-13 20:33:50
n0028,242.2284,245.0464,-0.0115,242.9551,241.5017,225.8041,2017-04-13 20:33:50
n0029,7.2189,7.1821,0.0051,7.2405,7.1972,6.7294,2017-04-13 20:33:50
n0030,32.3068,31.9559,0.011000000000000001,32.4037,32.2099,30.1162,2017-04-13 20:33:50
n0031,0.532,0.5333,-0.0024,0.5336,0.5304,0.4959,2017-04-13 20:33:50
n0032,41.8078,41.6641,0.0034,41.9333,41.6824,38.9731,2017-04-13 20:33:50
n0033,6.1248,6.1862,-0.0099,6.1431,6.1064,5.7095,2017-04-13 20:33:50
n0034,2.0623,2.0707,-0.0041,2.0685,2.0561,1.9224,2017-04-13 20:33:50
n0035,727.7094,718.6898,0.0126,729.8925,725.5262,678.367,2017-04-13 20:33:50
n0036,12.8999,12.9106,-0.0008,12.9386,12.8612,12.0252,2017-04-13 20:33:50
n0001,20.4492,20.3986,0.0025,20.5105,20.3878,19.0626,2017-04-13 20:36:51
n0002,107.5984,108.7841,-0.0109,107.9211,107.2756,100.3026,2017-04-13 20:36:51
n0003,0.6812,0.688,-0.01,0.6832,0.6791,0.635,2017-04-13 20:36:51
n0004,17.4538,17.254,0.0116,17.5062,17.4014,16.2703,2017-04-13 20:36:51
n0005,38.2342,38.3031,-0.0018,38.3489,38.1195,35.6417,2017-04-13 20:36:51
n0006,56.1524,55.9259,0.004,56.3209,55.9839,52.345,2017-04-13 20:36:51
n0007,101.1765,100.1837,0.0099,101.4801,100.873,94.3162,2017-04-13 20:36:51
n0008,20.408,20.4791,-0.0035,20.4693,20.3468,19.0243,2017-04-13 20:36:51
n0009,1.0296,1.0272,0.0024,1.0327,1.0266,0.9598,2017-04-13 20:36:51
n0010,119.0706,120.3949,-0.011,119.4278,118.7133,110.997,2017-04-13 20:36:51
n0011,10.1155,10.059,0.0056,10.1459,10.0852,9.4296,2017-04-13 20:36:51
n0012,63.745,63.0215,0.0115,63.9362,63.5538,59.4228,2017-04-13 20:36:51
n0013,57.944,58.6876,-0.0127,58.1179,57.7702,54.0151,2017-04-13 20:36:51
n0014,3.5313,3.5174,0.004,3.5419,3.5207,3.2919,2017-04-13 20:36:51
n0015,40.9215,41.1073,-0.0045,41.0443,40.7987,38.1468,2017-04-13 20:36:51
n0016,1.2523,1.2568,-0.0036,1.2561,1.2486,1.1674,2017-04-13 20:36:51
n0017,35.4126,34.9564,0.013,35.5188,35.3063,33.0114,2017-04-13 20:36:51
n0018,20.4817,20.3883,0.0046,20.5431,20.4202,19.0929,2017-04-13 20:36:51
n0019,0.4942,0.4915,0.0055,0.4957,0.4927,0.4607,2017-04-13 20:36:51
n0020,62.7391,62.9247,-0.003,62.9273,62.5509,58.485,2017-04-13 20:36:51
n0021,3.7674,3.7166,0.0137,3.7787,3.7561,3.512,2017-04-13 20:36:51
n0022,25.5639,25.8344,-0.0105,25.6406,25.4872,23.8306,2017-04-13 20:36:51
n0023,24.5356,24.3856,0.0062,24.6092,24.462,22.8719,2017-04-13 20:36:51
n0024,6.7694,6.6891,0.012,6.7897,6.7491,6.3104,2017-04-13 20:36:51
n0025,169.0935,169.3272,-0.0014,169.6008,168.5862,157.6281,2017-04-13 20:36:51
n0026,8.767000000000001,8.7279,0.0045,8.7933,8.7407,8.1726,2017-04-13 20:36:51
n0027,147.2881,148.6107,-0.0089,147.7299,146.8462,137.3012,2017-04-13 20:36:51
n0028,241.4896,242.2284,-0.003,242.2141,240.7651,225.1154,2017-04-13 20:36:51
n0029,7.2392,7.2189,0.0028,7.2609,7.2175,6.7483,2017-04-13 20:36:51
n0030,31.9653,32.3068,-0.0106,32.0612,31.8694,29.7979,2017-04-13 20:36:51
n0031,0.5378,0.532,0.011,0.5394,0.5362,0.5014,2017-04-13 20:36:51
n0032,42.3053,41.8078,0.0119,42.4322,42.1784,39.4368,2017-04-13 20:36:51
n0033,6.1458,6.1248,0.0034,6.1642,6.1274,5.7291,2017-04-13 20:36:51
n0034,2.0418,2.0623,-0.01,2.0479,2.0357,1.9033,2017-04-13 20:36:51
n0035,724.7331,727.7094,-0.0041,726.9073,722.5589,675.5925,2017-04-13 20:36:51
n0036,12.9226,12.8999,0.0018,12.9614,12.8838,12.0464,2017-04-13 20:36:51
n0001,20.1596,20.4492,-0.0142,20.2201,20.0992,18.7927,2017-04-13 20:39:53
n0002,106.7053,107.5984,-0.0083,107.0254,106.3852,99.4702,2017-04-13 20:39:53
n0003,0.6869,0.6812,0.0083,0.6889,0.6848,0.6403,2017-04-13 20:39:53
n0004,17.3655,17.4538,-0.0051,17.4176,17.3134,16.188,2017-04-13 20:39:53
n0005,38.2644,38.2342,0.0008,38.3792,38.1496,35.6699,2017-04-13 20:39:53
n0006,56.5258,56.1524,0.0066,56.6954,56.3562,52.6931,2017-04-13 20:39:53
n0007,100.4956,101.1765,-0.0067,100.7971,100.1941,93.6815,2017-04-13 20:39:53
n0008,20.39,20.408,-0.0009,20.4512,20.3289,19.0075,2017-04-13 20:39:53
n0009,1.0149,1.0296,-0.0143,1.018,1.0119,0.9461,2017-04-13 20:39:53
n0010,118.0704,119.0706,-0.0084,118.4246,117.7162,110.0646,2017-04-13 20:39:53
n0011,10.2483,10.1155,0.0131,10.2791,10.2176,9.5534,2017-04-13 20:39:53
n0012,64.6419,63.745,0.0141,64.8358,64.44800000000001,60.2588,2017-04-13 20:39:53
n0013,58.2685,57.943999999999996,0.0056,58.4433,58.0937,54.3176,2017-04-13 20:39:53
n0014,3.5038,3.5313,-0.0078,3.5143,3.4933,3.2662,2017-04-13 20:39:53
n0015,40.8429,40.9215,-0.0019,40.9655,40.7204,38.0736,2017-04-13 20:39:53
n0016,1.2572,1.2523,0.0039,1.261,1.2534,1.172,2017-04-13 20:39:53
n0017,35.078,35.4126,-0.0094,35.1832,34.9727,32.6995,2017-04-13 20:39:53
n0018,20.4082,20.4817,-0.0036,20.4694,20.3469,19.0244,2017-04-13 20:39:53
n0019,0.5006,0.4942,0.013000000000000001,0.5021,0.4991,0.4667,2017-04-13 20:39:53
n0020,62.0414,62.7391,-0.0111,62.2276,61.8553,57.8347,2017-04-13 20:39:53
n0021,3.7881,3.7674,0.0055,3.7995,3.7768,3.5313,2017-04-13 20:39:53
n0022,25.8543,25.5639,0.0114,25.9319,25.7767,24.1013,2017-04-13 20:39:53
n0023,24.6065,24.5356,0.0029,24.6803,24.5327,22.9381,2017-04-13 20:39:53
n0024,6.6984,6.7694,-0.0105,6.7185,6.6783,6.2442,2017-04-13 20:39:53
n0025,168.3089,169.0935,-0.0046,168.8138,167.804,156.8967,2017-04-13 20:39:53
n0026,8.872,8.767000000000001,0.012,8.8986,8.8454,8.2705,2017-04-13 20:39:53
n0027,145.4971,147.2881,-0.0122,145.9336,145.0606,135.6316,2017-04-13 20:39:53
n0028,239.9658,241.4896,-0.0063,240.6857,239.2459,223.6949,2017-04-13 20:39:53
n0029,7.3138,7.2392,0.0103,7.3358,7.2919,6.8179,2017-04-13 20:39:53
n0030,31.5232,31.9653,-0.0138,31.6178,31.4287,29.3858,2017-04-13 20:39:53
n0031,0.5393,0.5378,0.0028,0.5409,0.5377,0.5027,2017-04-13 20:39:53
n0032,42.6708,42.3053,0.0086,42.7988,42.5428,39.7775,2017-04-13 20:39:53
n0033,6.1468,6.1458,0.0002,6.1653,6.1284,5.7301,2017-04-13 20:39:53
n0034,2.0148,2.0418,-0.0132,2.0209,2.0088,1.8782,2017-04-13 20:39:53
n0035,719.4063,724.7331,-0.0074,721.5645,717.2481,670.627,2017-04-13 20:39:53
n0036,13.0424,12.9226,0.0093,13.0815,13.0033,12.1581,2017-04-13 20:39:53
n0001,20.4132,20.1596,0.0126,20.4744,20.352,19.0291,2017-04-13 20:42:54
n0002,108.149,106.7053,0.0135,108.4735,107.8246,100.816,2017-04-13 20:42:54
n0003,0.6904,0.6869,0.0051,0.6924,0.6883,0.6436,2017-04-13 20:42:54
n0004,17.221,17.3655,-0.0083,17.2727,17.1694,16.0533,2017-04-13 20:42:54
n0005,38.1699,38.2644,-0.0025,38.2844,38.0554,35.5818,2017-04-13 20:42:54
n0006,57.3256,56.5258,0.0142,57.4976,57.1537,53.4387,2017-04-13 20:42:54
n0007,99.4916,100.4956,-0.01,99.7901,99.1932,92.7456,2017-04-13 20:42:54
n0008,20.5252,20.39,0.0066,20.5868,20.4636,19.1335,2017-04-13 20:42:54
n0009,1.0276,1.0149,0.0125,1.0306,1.0245,0.9579,2017-04-13 20:42:54
n0010,117.9641,118.0704,-0.0009,118.318,117.6102,109.9656,2017-04-13 20:42:54
n0011,10.2991,10.2483,0.005,10.33,10.2682,9.6008,2017-04-13 20:42:54
n0012,65.3413,64.6419,0.0108,65.5373,65.1453,60.9109,2017-04-13 20:42:54
n0013,58.1193,58.2685,-0.0026,58.2937,57.945,54.1786,2017-04-13 20:42:54
n0014,3.553,3.5038,0.014,3.5637,3.5424,3.3121,2017-04-13 20:42:54
n0015,40.4308,40.8429,-0.0101,40.5521,40.3095,37.6894,2017-04-13 20:42:54
n0016,1.2716,1.2572,0.0114,1.2754,1.2678,1.1854,2017-04-13 20:42:54
n0017,35.0099,35.078,-0.0019,35.115,34.9049,32.6361,2017-04-13 20:42:54
n0018,20.488000000000003,20.4082,0.0039,20.5495,20.4265,19.0988,2017-04-13 20:42:54
n0019,0.4959,0.5006,-0.0095,0.4973,0.4944,0.4622,2017-04-13 20:42:54
n0020,61.8174,62.0414,-0.0036,62.0029,61.632,57.6259,2017-04-13 20:42:54
n0021,3.8374,3.7881,0.013,3.8489,3.8259,3.5772,2017-04-13 20:42:54
n0022,25.7178,25.8543,-0.0053,25.7949,25.6406,23.974,2017-04-13 20:42:54
n0023,24.8855,24.6065,0.0113,24.9602,24.8109,23.1982,2017-04-13 20:42:54
n0024,6.6127,6.6984,-0.0128,6.6325,6.5928,6.1643,2017-04-13 20:42:54
n0025,169.7766,168.3089,0.0087,170.2859,169.2672,158.2649,2017-04-13 20:42:54
n0026,8.8307,8.872,-0.0047,8.8571,8.8042,8.2319,2017-04-13 20:42:54
n0027,145.6717,145.4971,0.0012,146.1087,145.2347,135.7944,2017-04-13 20:42:54
n0028,237.043,239.9658,-0.0122,237.7541,236.3319,220.9703,2017-04-13 20:42:54
n0029,7.2675,7.3138,-0.0063,7.2893,7.2457,6.7747,2017-04-13 20:42:54
n0030,31.5084,31.5232,-0.0005,31.6029,31.4139,29.372,2017-04-13 20:42:54
n0031,0.5318,0.5393,-0.0138,0.5334,0.5302,0.4958,2017-04-13 20:42:54
n0032,42.3294,42.6708,-0.008,42.4564,42.2024,39.4593,2017-04-13 20:42:54
n0033,6.1837,6.1468,0.006,6.2023,6.1652,5.7645,2017-04-13 20:42:54
n0034,2.0,2.0148,-0.0074,2.006,1.994,1.8643,2017-04-13 20:42:54
n0035,718.3128,719.4063,-0.0015,720.4677,716.1579,669.6076,2017-04-13 20:42:54
n0036,12.8481,13.0424,-0.0149,12.8866,12.8095,11.9769,2017-04-13 20:42:54
n0001,20.1768,20.4132,-0.0116,20.2373,20.1163,18.8087,2017-04-13 20:45:56
n0002,107.5304,108.149,-0.0057,107.853,107.2078,100.2393,2017-04-13 20:45:56
n0003,0.6979,0.6904,0.0109,0.7,0.6958,0.6506,2017-04-13 20:45:56
n0004,16.9928,17.221,-0.0132,17.0438,16.9418,15.8406,2017-04-13 20:45:56
n0005,38.2985,38.1699,0.0034,38.4134,38.1836,35.7017,2017-04-13 20:45:56
n0006,57.8547,57.3256,0.0092,58.0283,57.6812,53.9319,2017-04-13 20:45:56
n0007,98.0072,99.4916,-0.0149,98.3012,97.7132,91.3618,2017-04-13 20:45:56
n0008,20.5601,20.5252,0.0017,20.6218,20.4984,19.166,2017-04-13 20:45:56
n0009,1.0354,1.0276,0.0076,1.0385,1.0323,0.9652,2017-04-13 20:45:56
n0010,117.2775,117.9641,-0.0058,117.6294,116.9257,109.3255,2017-04-13 20:45:56
n0011,10.1518,10.2991,-0.0143,10.1823,10.1214,9.4635,2017-04-13 20:45:56
n0012,64.469,65.3413,-0.0134,64.6624,64.2756,60.0977,2017-04-13 20:45:56
n0013,58.5947,58.1193,0.0082,58.7705,58.4189,54.6217,2017-04-13 20:45:56
n0014,3.6029,3.553,0.013999999999999999,3.6137,3.5921,3.3586,2017-04-13 20:45:56
n0015,40.4571,40.4308,0.0006,40.5785,40.3357,37.7139,2017-04-13 20:45:56
n0016,1.2799,1.2716,0.0065,1.2837,1.276,1.1931,2017-04-13 20:45:56
n0017,34.7694,35.0099,-0.0069,34.8737,34.6651,32.4118,2017-04-13 20:45:56
n0018,20.4673,20.488000000000003,-0.001,20.5287,20.4059,19.0795,2017-04-13 20:45:56
n0019,0.4888,0.4959,-0.0144,0.4902,0.4873,0.4556,2017-04-13 20:45:56
n0020,61.2895,61.8174,-0.0085,61.4733,61.1056,57.1337,2017-04-13 20:45:56
n0021,3.8684,3.8374,0.0081,3.88,3.8568,3.6061,2017-04-13 20:45:56
n0022,26.0763,25.7178,0.0139,26.1545,25.9981,24.3082,2017-04-13 20:45:56
n0023,25.0214,24.8855,0.0055,25.0964,24.9463,23.3248,2017-04-13 20:45:56
n0024,6.5603,6.6127,-0.0079,6.58,6.5406,6.1155,2017-04-13 20:45:56
n0025,169.4269,169.7766,-0.0021,169.9351,168.9186,157.9389,2017-04-13 20:45:56
n0026,8.9593,8.8307,0.0146,8.9862,8.9324,8.3518,2017-04-13 20:45:56
n0027,144.2747,145.6717,-0.0096,144.7075,143.8419,134.4922,2017-04-13 20:45:56
n0028,236.1588,237.043,-0.0037,236.8673,235.4504,220.1461,2017-04-13 20:45:56
n0029,7.3612,7.2675,0.0129,7.3833,7.3391,6.8621,2017-04-13 20:45:56
n0030,31.1539,31.5084,-0.0112,31.2474,31.0605,29.0415,2017-04-13 20:45:56
n0031,0.5347,0.5318,0.0054,0.5363,0.5331,0.4984,2017-04-13 20:45:56
n0032,41.9899,42.3294,-0.008,42.1159,41.8639,39.1428,2017-04-13 20:45:56
n0033,6.1703,6.1837,-0.0022,6.1889,6.1518,5.7520000000000024,2017-04-13 20:45:56
n0034,1.9787,2.0,-0.0106,1.9847,1.9728,1.8446,2017-04-13 20:45:56
n0035,711.3595,718.3128,-0.0097,713.4936,709.2255,663.1258,2017-04-13 20:45:56
n0036,13.0002,12.8481,0.0118,13.0392,12.9612,12.1187,2017-04-13 20:45:56
n0001,20.3836,20.1768,0.0102,20.4448,20.3225,19.0015,2017-04-13 20:48:57
n0002,106.0368,107.5304,-0.0139,106.3549,105.7187,98.847,2017-04-13 20:48:57
n0003,0.6998,0.6979,0.0027,0.7019,0.6977,0.6524,2017-04-13 20:48:57
n0004,16.8953,16.9928,-0.0057,16.9459,16.8446,15.7497,2017-04-13 20:48:57
n0005,38.1147,38.2985,-0.0048,38.229,38.0003,35.5303,2017-04-13 20:48:57
n0006,57.087,57.8547,-0.0133,57.2582,56.9157,53.2162,2017-04-13 20:48:57
n0007,97.281,98.0072,-0.0074,97.5728,96.9891,90.6848,2017-04-13 20:48:57
n0008,20.7495,20.5601,0.0092,20.8117,20.6872,19.3425,2017-04-13 20:48:57
n0009,1.0199,1.0354,-0.0149,1.023,1.0169,0.9508,2017-04-13 20:48:57
n0010,117.4745,117.2775,0.0017,117.8269,117.1221,109.5092,2017-04-13 20:48:57
n0011,10.2283,10.1518,0.0075,10.259,10.1977,9.5348,2017-04-13 20:48:57
n0012,65.3322,64.469,0.0134,65.5282,65.1362,60.9024,2017-04-13 20:48:57
n0013,58.5953,58.5947,0.0,58.7711,58.4195,54.6222,2017-04-13 20:48:57
n0014,3.5724,3.6029,-0.0085,3.5831,3.5617,3.3302,2017-04-13 20:48:57
n0015,40.1533,40.4571,-0.0075,40.2737,40.0328,37.4307,2017-04-13 20:48:57
n0016,1.2978,1.2799,0.014,1.3017,1.294,1.2098,2017-04-13 20:48:57
n0017,34.7917,34.7694,0.0006,34.896,34.6873,32.4326,2017-04-13 20:48:57
n0018,20.6001,20.4673,0.0065,20.6619,20.5383,19.2033,2017-04-13 20:48:57
n0019,0.4948,0.4888,0.0124,0.4963,0.4934,0.4613,2017-04-13 20:48:57
n0020,61.2264,61.2895,-0.001,61.4101,61.0427,57.0749,2017-04-13 20:48:57
n0021,3.887,3.8684,0.0048,3.8987,3.8754,3.6235,2017-04-13 20:48:57
n0022,25.8531,26.0763,-0.0086,25.9306,25.7755,24.1001,2017-04-13 20:48:57
n0023,24.9538,25.0214,-0.0027,25.0287,24.879,23.2618,2017-04-13 20:48:57
n0024,6.487,6.5603,-0.0112,6.5064,6.4675,6.0471,2017-04-13 20:48:57
n0025,167.6937,169.4269,-0.0102,168.1967,167.1906,156.3232,2017-04-13 20:48:57
n0026,9.0605,8.9593,0.0113,9.0877,9.0334,8.4462,2017-04-13 20:48:57
n0027,143.9746,144.2747,-0.0021,144.4065,143.5427,134.2124,2017-04-13 20:48:57
n0028,237.0515,236.1588,0.0038,237.7626,236.3403,220.9782,2017-04-13 20:48:57
n0029,7.4321,7.3612,0.0096,7.4544,7.4098,6.9282,2017-04-13 20:48:57
n0030,31.0371,31.1539,-0.0038,31.1302,30.94400000000001,28.9326,2017-04-13 20:48:57
n0031,0.5358,0.5347,0.0021,0.5374,0.5342,0.4995,2017-04-13 20:48:57
n0032,41.5167,41.9899,-0.0113,41.6412,41.3921,38.7016,2017-04-13 20:48:57
n0033,6.1369,6.1703,-0.0054,6.1553,6.1184,5.7207,2017-04-13 20:48:57
n0034,1.9512,1.9787,-0.0139,1.9571,1.9454,1.8189,2017-04-13 20:48:57
n0035,702.1545,711.3595,-0.0129,704.2610000000003,700.048,654.5449,2017-04-13 20:48:57
n0036,13.1117,13.0002,0.0086,13.1511,13.0724,12.2227,2017-04-13 20:48:57
n0001,20.5261,20.3836,0.006999999999999999,20.5877,20.4645,19.1343,2017-04-13 20:51:58
n0002,107.3994,106.0368,0.0128,107.7216,107.0772,100.1172,2017-04-13 20:51:58
n0003,0.6994,0.6998,-0.0005,0.7015,0.6973,0.652,2017-04-13 20:51:58
n0004,16.7432,16.8953,-0.009000000000000001,16.7935,16.692999999999998,15.607999999999999,2017-04-13 20:51:58
n0005,37.9946,38.1147,-0.0032,38.1086,37.8807,35.4184,2017-04-13 20:51:58
n0006,57.856,57.086999999999996,0.0135,58.0295,57.6824,53.933,2017-04-13 20:51:58
n0007,96.243,97.281,-0.0107,96.5317,95.9543,89.7173,2017-04-13 20:51:58
n0008,20.873,20.7495,0.006,20.9356,20.8103,19.4577,2017-04-13 20:51:58
n0009,1.0319,1.0199,0.0118,1.035,1.0288,0.9620000000000001,2017-04-13 20:51:58
n0010,117.2889,117.4745,-0.0016,117.6408,116.93700000000001,109.3361,2017-04-13 20:51:58
n0011,10.2721,10.2283,0.0043,10.3029,10.2413,9.5756,2017-04-13 20:51:58
n0012,65.994,65.3322,0.0101,66.192,65.796,61.5193,2017-04-13 20:51:58
n0013,58.4049,58.5953,-0.0032,58.5801,58.2297,54.4447,2017-04-13 20:51:58
n0014,3.5305,3.5724,-0.0117,3.5411,3.5199,3.2911,2017-04-13 20:51:58
n0015,39.7208,40.1533,-0.0108,39.84,39.6017,37.0276,2017-04-13 20:51:58
n0016,1.3118,1.2978,0.0108,1.3157,1.3078,1.2228,2017-04-13 20:51:58
n0017,34.3258,34.7917,-0.0134,34.4288,34.2229,31.9984,2017-04-13 20:51:58
n0018,20.6666,20.6001,0.0032,20.7286,20.6046,19.2653,2017-04-13 20:51:58
n0019,0.4993,0.4948,0.0091,0.5008,0.4978,0.4654,2017-04-13 20:51:58
n0020,60.9637,61.2264,-0.0043,61.1466,60.7808,56.8301,2017-04-13 20:51:58
n0021,3.8931,3.887,0.0016,3.9047,3.8814,3.6291,2017-04-13 20:51:58
n0022,26.0449,25.8531,0.0074,26.1231,25.9668,24.279,2017-04-13 20:51:58
n0023,24.8051,24.9538,-0.006,24.8795,24.7307,23.1232,2017-04-13 20:51:58
n0024,6.3934,6.487,-0.0144,6.4126,6.3742,5.9599,2017-04-13 20:51:58
n0025,165.4315,167.6937,-0.0135,165.9278,164.9352,154.2144,2017-04-13 20:51:58
n0026,9.1333,9.0605,0.008,9.1607,9.1059,8.5141,2017-04-13 20:51:58
n0027,145.9758,143.9746,0.0139,146.4138,145.5379,136.078,2017-04-13 20:51:58
n0028,237.1748,237.0515,0.0005,237.8863,236.4632,221.0931,2017-04-13 20:51:58
n0029,7.4794,7.4321,0.0064,7.5019,7.4570000000000025,6.9723,2017-04-13 20:51:58
n0030,30.8195,31.0371,-0.006999999999999999,30.912,30.7271,28.7298,2017-04-13 20:51:58
n0031,0.5352,0.5358,-0.0012,0.5368,0.5336,0.4989,2017-04-13 20:51:58
n0032,41.7118,41.5167,0.0047,41.836999999999996,41.5867,38.8836,2017-04-13 20:51:58
n0033,6.0836,6.1369,-0.0087,6.1019,6.0654,5.6711,2017-04-13 20:51:58
n0034,1.9763,1.9512,0.0128,1.9822,1.9703,1.8423,2017-04-13 20:51:58
n0035,711.8442,702.1545,0.0138,713.9798,709.7087,663.5776,2017-04-13 20:51:58
n0036,13.1816,13.1117,0.0053,13.2211,13.142000000000001,12.2878,2017-04-13 20:51:58
n0001,20.7034,20.5261,0.0086,20.7656,20.6413,19.2996,2017-04-13 20:55:00
n0002,108.4294,107.3994,0.0096,108.7546,108.1041,101.0773,2017-04-13 20:55:00
n0003,0.7002,0.6994,0.0011,0.7023,0.6981,0.6527,2017-04-13 20:55:00
n0004,16.5379,16.7432,-0.0123,16.5875,16.4883,15.4166,2017-04-13 20:55:00
n0005,37.7511,37.9946,-0.0064,37.8643,37.6378,35.1913,2017-04-13 20:55:00
n0006,57.8242,57.856,-0.0006,57.9977,57.6507,53.9034,2017-04-13 20:55:00
n0007,94.9023,96.243,-0.0139,95.187,94.6176,88.4675,2017-04-13 20:55:00
n0008,20.7043,20.873,-0.0081,20.7665,20.6422,19.3005,2017-04-13 20:55:00
n0009,1.0407,1.0319,0.0085,1.0438,1.0376,0.9701,2017-04-13 20:55:00
n0010,118.9779,117.2889,0.0144,119.3348,118.6209,110.9106,2017-04-13 20:55:00
n0011,10.2826,10.2721,0.001,10.3134,10.2517,9.5854,2017-04-13 20:55:00
n0012,66.4474,65.994,0.0069,66.6467,66.248,61.9419,2017-04-13 20:55:00
n0013,58.0247,58.4049,-0.0065,58.1988,57.8506,54.0903,2017-04-13 20:55:00
n0014,3.4776,3.5305,-0.015,3.488,3.4672,3.2418,2017-04-13 20:55:00
n0015,39.1635,39.7208,-0.014,39.281,39.046,36.508,2017-04-13 20:55:00
n0016,1.3216,1.3118,0.0075,1.3256,1.3177,1.232,2017-04-13 20:55:00
n0017,34.784,34.3258,0.0134,34.8884,34.6797,32.4255,2017-04-13 20:55:00
n0018,20.666,20.6666,0.0,20.728,20.604,19.2647,2017-04-13 20:55:00
n0019,0.5022,0.4993,0.0058,0.5037,0.5007,0.4682,2017-04-13 20:55:00
n0020,60.5034,60.9637,-0.0076,60.6849,60.3219,56.401,2017-04-13 20:55:00
n0021,3.8865,3.8931,-0.0017,3.8981,3.8748,3.623,2017-04-13 20:55:00
n0022,26.1532,26.0449,0.0042,26.2317,26.0748,24.3799,2017-04-13 20:55:00
n0023,24.5764,24.8051,-0.0092,24.6501,24.5027,22.91,2017-04-13 20:55:00
n0024,6.4721,6.3934,0.0123,6.4915,6.4527,6.0333,2017-04-13 20:55:00
n0025,167.6235,165.4315,0.0132,168.1263,167.1206,156.2578,2017-04-13 20:55:00
n0026,9.177,9.1333,0.0048,9.2045,9.1494,8.5547,2017-04-13 20:55:00
n0027,144.7204,145.9758,-0.0086,145.1546,144.2862,134.9076,2017-04-13 20:55:00
n0028,236.5249,237.1748,-0.0027,237.2345,235.8154,220.4874,2017-04-13 20:55:00
n0029,7.5027,7.4794,0.0031,7.5252,7.4802,6.9939,2017-04-13 20:55:00
n0030,30.503,30.8195,-0.0103,30.5945,30.4115,28.4347,2017-04-13 20:55:00
n0031,0.5328,0.5352,-0.0044,0.5344,0.5312,0.4967,2017-04-13 20:55:00
n0032,42.2211,41.7118,0.0122,42.3478,42.0944,39.3583,2017-04-13 20:55:00
n0033,6.011,6.0836,-0.0119,6.029,5.9929,5.6034,2017-04-13 20:55:00
n0034,1.9953,1.9763,0.0096,2.0012,1.9893,1.86,2017-04-13 20:55:00
n0035,719.347,711.8442,0.0105,721.5051,717.189,670.5717,2017-04-13 20:55:00
n0036,13.2089,13.1816,0.0021,13.2485,13.1693,12.3133,2017-04-13 20:55:00
n0001,20.7131,20.7034,0.0005,20.7753,20.651,19.3087,2017-04-13 20:58:01
n0002,109.1158,108.4294,0.0063,109.4431,108.7884,101.7172,2017-04-13 20:58:01
n0003,0.6953,0.7002,-0.006999999999999999,0.6973,0.6932,0.6481,2017-04-13 20:58:01
n0004,16.7774,16.5379,0.0145,16.8277,16.727,15.6398,2017-04-13 20:58:01
n0005,37.2007,37.7511,-0.0146,37.3123,37.0891,34.6783,2017-04-13 20:58:01
n0006,58.2261,57.8242,0.006999999999999999,58.4008,58.0514,54.2781,2017-04-13 20:58:01
n0007,96.118,94.9023,0.0128,96.4064,95.8296,89.6007,2017-04-13 20:58:01
n0008,20.6925,20.7043,-0.0006,20.7546,20.6304,19.2894,2017-04-13 20:58:01
n0009,1.0462,1.0407,0.0053,1.0493,1.0431,0.9753,2017-04-13 20:58:01
n0010,120.3033,118.9779,0.0111,120.6642,119.9424,112.1461,2017-04-13 20:58:01
n0011,10.2596,10.2826,-0.0022,10.2903,10.2288,9.5639,2017-04-13 20:58:01
n0012,66.6873,66.4474,0.0036,66.8873,66.4872,62.1655,2017-04-13 20:58:01
n0013,57.4578,58.0247,-0.0098,57.6302,57.2854,53.5619,2017-04-13 20:58:01
n0014,3.5185,3.4776,0.0118,3.5291,3.5079,3.2799,2017-04-13 20:58:01
n0015,38.6787,39.1635,-0.0124,38.7947,38.5626,36.056,2017-04-13 20:58:01
n0016,1.3272,1.3216,0.0042,1.3312,1.3232,1.2372,2017-04-13 20:58:01
n0017,35.135,34.784,0.0101,35.2404,35.0296,32.7526,2017-04-13 20:58:01
n0018,20.598000000000006,20.666,-0.0033,20.6598,20.5362,19.2014,2017-04-13 20:58:01
n0019,0.5035,0.5022,0.0026,0.505,0.502,0.4694,2017-04-13 20:58:01
n0020,61.0128,60.5034,0.0084,61.1959,60.8298,56.8759,2017-04-13 20:58:01
n0021,3.8672,3.8865,-0.005,3.8788,3.8556,3.605,2017-04-13 20:58:01
n0022,25.8268,26.1532,-0.0125,25.9043,25.7493,24.0756,2017-04-13 20:58:01
n0023,24.7988,24.5764,0.0091,24.8732,24.7244,23.1173,2017-04-13 20:58:01
n0024,6.5368,6.4721,0.01,6.5564,6.5171,6.0935,2017-04-13 20:58:01
n0025,167.0553,167.6235,-0.0034,167.5564,166.5541,155.7281,2017-04-13 20:58:01
n0026,9.0682,9.177,-0.0119,9.0954,9.041,8.4533,2017-04-13 20:58:01
n0027,143.1415,144.7204,-0.0109,143.5709,142.7121,133.4358,2017-04-13 20:58:01
n0028,237.8755,236.5249,0.0057,238.5891,237.1618,221.7463,2017-04-13 20:58:01
n0029,7.482,7.5027,-0.0028,7.5044,7.4595,6.9747,2017-04-13 20:58:01
n0030,30.4475,30.503,-0.0018,30.5388,30.3561,28.38300000000001,2017-04-13 20:58:01
n0031,0.5304,0.5328,-0.0044,0.532,0.5288,0.4945,2017-04-13 20:58:01
n0032,42.7358,42.2211,0.0122,42.864,42.6076,39.8381,2017-04-13 20:58:01
n0033,5.9391,6.011,-0.012,5.9569,5.9213,5.5364,2017-04-13 20:58:01
n0034,2.0046,1.9953,0.0047,2.0106,1.9986,1.8687,2017-04-13 20:58:01
n0035,726.9145,719.347,0.0105,729.0953,724.7338,677.6261,2017-04-13 20:58:01
n0036,13.1711,13.2089,-0.0029,13.2106,13.1316,12.2781,2017-04-13 20:58:01
n0001,20.7224,20.7131,0.0004,20.7846,20.6603,19.3173,2017-04-13 21:01:03
n0002,107.7049,109.1158,-0.0129,108.028,107.3818,100.402,2017-04-13 21:01:03
n0003,0.6904,0.6953,-0.0071,0.6925,0.6883,0.6436,2017-04-13 21:01:03
n0004,16.9376,16.7774,0.0096,16.9884,16.8868,15.7892,2017-04-13 21:01:03
n0005,37.0582,37.2007,-0.0038,37.1694,36.947,34.5455,2017-04-13 21:01:03
n0006,58.3437,58.2261,0.002,58.5187,58.1687,54.3877,2017-04-13 21:01:03
n0007,95.0261,96.118,-0.0114,95.3112,94.741,88.5829,2017-04-13 21:01:03
n0008,20.5787,20.6925,-0.0055,20.6404,20.517,19.1834,2017-04-13 21:01:03
n0009,1.0578,1.0462,0.0111,1.061,1.0547,0.9861,2017-04-13 21:01:03
n0010,120.0314,120.3033,-0.0023,120.3915,119.6713,111.8927,2017-04-13 21:01:03
n0011,10.2964,10.2596,0.0036,10.3273,10.2655,9.5983,2017-04-13 21:01:03
n0012,67.3175,66.6873,0.0094,67.5194,67.1155,62.753,2017-04-13 21:01:03
n0013,57.232,57.4578,-0.0039,57.4037,57.0603,53.3514,2017-04-13 21:01:03
n0014,3.4749,3.5185,-0.0124,3.4853,3.4644,3.2393,2017-04-13 21:01:03
n0015,38.652,38.6787,-0.0007,38.768,38.5361,36.0312,2017-04-13 21:01:03
n0016,1.3085,1.3272,-0.0141,1.3125,1.3046,1.2198,2017-04-13 21:01:03
n0017,34.8462,35.135,-0.0082,34.9507,34.7417,32.4834,2017-04-13 21:01:03
n0018,20.771,20.598000000000006,0.0084,20.8333,20.7087,19.3626,2017-04-13 21:01:03
n0019,0.5107,0.5035,0.0143,0.5122,0.5091,0.4761,2017-04-13 21:01:03
n0020,61.3661,61.0128,0.0058,61.5502,61.182,57.2051,2017-04-13 21:01:03
n0021,3.8933,3.8672,0.0067,3.9049,3.8816,3.6293,2017-04-13 21:01:03
n0022,25.7819,25.8268,-0.0017,25.8592,25.7045,24.0337,2017-04-13 21:01:03
n0023,25.1678,24.7988,0.0149,25.2433,25.0923,23.4613,2017-04-13 21:01:03
n0024,6.4763,6.5368,-0.0093,6.4957,6.4568,6.0371,2017-04-13 21:01:03
n0025,168.2848,167.0553,0.0074,168.7897,167.78,156.8743,2017-04-13 21:01:03
n0026,9.188,9.0682,0.0132,9.2156,9.1604,8.565,2017-04-13 21:01:03
n0027,143.1172,143.1415,-0.0002,143.5465,142.6878,133.4131,2017-04-13 21:01:03
n0028,234.6523,237.8755,-0.0136,235.3562,233.9483,218.7417,2017-04-13 21:01:03
n0029,7.4245,7.482,-0.0077,7.4467,7.4022,6.921,2017-04-13 21:01:03
n0030,30.3915,30.4475,-0.0018,30.4827,30.3003,28.3308,2017-04-13 21:01:03
n0031,0.5382,0.5304,0.0148,0.5399,0.5366,0.5017,2017-04-13 21:01:03
n0032,42.3358,42.7358,-0.0094,42.4628,42.2088,39.4652,2017-04-13 21:01:03
n0033,5.9822,5.9391,0.0073,6.0002,5.9643,5.5766,2017-04-13 21:01:03
n0034,2.0309,2.0046,0.0131,2.037,2.0248,1.8932,2017-04-13 21:01:03
n0035,726.7182,726.9145,-0.0003,728.8984,724.5381,677.4431,2017-04-13 21:01:03
n0036,13.056,13.1711,-0.0087,13.0952,13.0168,12.1707,2017-04-13 21:01:03
n0001,20.5083,20.7224,-0.0103,20.5699,20.4468,19.1178,2017-04-13 21:04:04
n0002,107.2235,107.7049,-0.0045,107.5451,106.9018,99.9532,2017-04-13 21:04:04
n0003,0.6988,0.6904,0.0122,0.7009,0.6967,0.6514,2017-04-13 21:04:04
n0004,16.7343,16.9376,-0.012,16.7846,16.6841,15.5997,2017-04-13 21:04:04
n0005,37.4114,37.0582,0.0095,37.5236,37.2991,34.8747,2017-04-13 21:04:04
n0006,58.1191,58.3437,-0.0038,58.2934,57.9447,54.1783,2017-04-13 21:04:04
n0007,95.2162,95.0261,0.002,95.5018,94.9305,88.76,2017-04-13 21:04:04
n0008,20.3445,20.5787,-0.0114,20.4055,20.2835,18.9651,2017-04-13 21:04:04
n0009,1.052,1.0578,-0.0055,1.0551,1.0488,0.9806,2017-04-13 21:04:04
n0010,120.0722,120.0314,0.0003,120.4324,119.712,111.9307,2017-04-13 21:04:04
n0011,10.1621,10.2964,-0.013000000000000001,10.1926,10.1316,9.4731,2017-04-13 21:04:04
n0012,66.8335,67.3175,-0.0072,67.03399999999999,66.633,62.3018,2017-04-13 21:04:04
n0013,57.7717,57.232,0.0094,57.945,57.5984,53.8545,2017-04-13 21:04:04
n0014,3.4238,3.4749,-0.0147,3.4341,3.4135,3.1916,2017-04-13 21:04:04
n0015,38.7258,38.652,0.0019,38.842,38.6096,36.1,2017-04-13 21:04:04
n0016,1.2999,1.3085,-0.0066,1.3038,1.296,1.2118,2017-04-13 21:04:04
n0017,34.6504,34.8462,-0.0056,34.7543,34.5464,32.3009,2017-04-13 21:04:04
n0018,20.4783,20.771,-0.0141,20.5398,20.4169,19.0898,2017-04-13 21:04:04
n0019,0.5065,0.5107,-0.0082,0.508,0.505,0.4721,2017-04-13 21:04:04
n0020,61.8803,61.3661,0.0084,62.066,61.6947,57.6846,2017-04-13 21:04:04
n0021,3.9487,3.8933,0.0142,3.9606,3.9369,3.681,2017-04-13 21:04:04
n0022,25.8041,25.7819,0.0009,25.8815,25.7267,24.0544,2017-04-13 21:04:04
n0023,25.3369,25.1678,0.0067,25.4129,25.2609,23.619,2017-04-13 21:04:04
n0024,6.5577,6.4763,0.0126,6.5774,6.537999999999999,6.1131,2017-04-13 21:04:04
n0025,168.1485,168.2848,-0.0008,168.6529,167.644,156.7472,2017-04-13 21:04:04
n0026,9.1027,9.187999999999999,-0.0093,9.13,9.0754,8.4855,2017-04-13 21:04:04
n0027,141.925,143.1172,-0.0083,142.3508,141.4993,132.3018,2017-04-13 21:04:04
n0028,237.7474,234.6523,0.0132,238.4606,237.0341,221.6269,2017-04-13 21:04:04
n0029,7.3432,7.4245,-0.011000000000000001,7.3652,7.3212,6.8453,2017-04-13 21:04:04
n0030,30.5638,30.3915,0.0057,30.6555,30.4721,28.4914,2017-04-13 21:04:04
n0031,0.5444,0.5382,0.0115,0.546,0.5428,0.5075,2017-04-13 21:04:04
n0032,42.2571,42.3358,-0.0019,42.3838,42.1303,39.3918,2017-04-13 21:04:04
n0033,6.0061,5.9822,0.004,6.0241,5.9881,5.5989,2017-04-13 21:04:04
n0034,2.0119,2.0309,-0.0094,2.0179,2.0058,1.8754,2017-04-13 21:04:04
n0035,731.9796,726.7182,0.0072,734.1756,729.7837,682.3478,2017-04-13 21:04:04
n0036,13.227,13.056,0.0131,13.2667,13.1874,12.3302,2017-04-13 21:04:04
n0001,20.4505,20.5083,-0.0028,20.5118,20.3891,19.0638,2017-04-13 21:07:06
n0002,107.5484,107.2235,0.003,107.871,107.2257,100.2561,2017-04-13 21:07:06
n0003,0.6916,0.6988,-0.0104,0.6936,0.6895,0.6447,2017-04-13 21:07:06
n0004,16.6592,16.7343,-0.0045,16.7091,16.6092,15.5296,2017-04-13 21:07:06
n0005,37.8652,37.4114,0.0121,37.9788,37.7516,35.2978,2017-04-13 21:07:06
n0006,57.4205,58.1191,-0.012,57.5928,57.2482,53.5271,2017-04-13 21:07:06
n0007,94.6297,95.2162,-0.0062,94.9136,94.3458,88.2133,2017-04-13 21:07:06
n0008,20.5573,20.3445,0.0105,20.619,20.4956,19.1634,2017-04-13 21:07:06
n0009,1.0541,1.052,0.002,1.0573,1.0509,0.9826,2017-04-13 21:07:06
n0010,120.424,120.0722,0.0029,120.7853,120.0627,112.2587,2017-04-13 21:07:06
n0011,10.1058,10.1621,-0.0055,10.1361,10.0755,9.4206,2017-04-13 21:07:06
n0012,67.574,66.8335,0.0111,67.7767,67.3713,62.9922,2017-04-13 21:07:06
n0013,57.0172,57.7717,-0.0131,57.1883,56.8461,53.1512,2017-04-13 21:07:06
n0014,3.3991,3.4238,-0.0072,3.4093,3.3889,3.1686,2017-04-13 21:07:06
n0015,39.0902,38.7258,0.0094,39.2075,38.9729,36.4397,2017-04-13 21:07:06
n0016,1.2808,1.2999,-0.0147,1.2846,1.2769,1.1939,2017-04-13 21:07:06
n0017,34.7159,34.6504,0.0019,34.82,34.6117,32.361999999999995,2017-04-13 21:07:06
n0018,20.6368,20.4783,0.0077,20.6987,20.5749,19.2375,2017-04-13 21:07:06
n0019,0.5036,0.5065,-0.0056,0.5052,0.5021,0.4695,2017-04-13 21:07:06
n0020,61.8939,61.8803,0.0002,62.0796,61.7082,57.6972,2017-04-13 21:07:06
n0021,3.8967,3.9487,-0.0132,3.9084,3.885,3.6325,2017-04-13 21:07:06
n0022,26.0198,25.8041,0.0084,26.0979,25.9418,24.2555,2017-04-13 21:07:06
n0023,25.5728,25.3369,0.0093,25.6495,25.4961,23.8388,2017-04-13 21:07:06
n0024,6.5632,6.5577,0.0008,6.5829,6.5435,6.1182,2017-04-13 21:07:06
n0025,169.2751,168.1485,0.0067,169.7829,168.7673,157.7974,2017-04-13 21:07:06
n0026,9.0419,9.1027,-0.0067,9.069,9.0148,8.4288,2017-04-13 21:07:06
n0027,141.8072,141.925,-0.0008,142.2326,141.3818,132.192,2017-04-13 21:07:06
n0028,234.36900000000003,237.7474,-0.0142,235.0721,233.6659,218.4776,2017-04-13 21:07:06
n0029,7.2819,7.3432,-0.0084,7.3037,7.26,6.7881,2017-04-13 21:07:06
n0030,30.4874,30.5638,-0.0025,30.5789,30.3959,28.4202,2017-04-13 21:07:06
n0031,0.5521,0.5444,0.0141,0.5537,0.5504,0.5147,2017-04-13 21:07:06
n0032,42.4959,42.2571,0.0056,42.6233,42.3684,39.6144,2017-04-13 21:07:06
n0033,6.0457,6.0061,0.0066,6.0639,6.0276,5.6358,2017-04-13 21:07:06
n0034,2.0081,2.0119,-0.0019,2.0141,2.0021,1.872,2017-04-13 21:07:06
n0035,734.8929,731.9796,0.004,737.0976,732.6882,685.0635,2017-04-13 21:07:06
n0036,13.1027,13.227,-0.0094,13.142,13.0634,12.2142,2017-04-13 21:07:06
n0001,20.3262,20.4505,-0.0061,20.3871,20.2652,18.9479,2017-04-13 21:10:07
n0002,108.682,107.5484,0.0105,109.008,108.3559,101.3128,2017-04-13 21:10:07
n0003,0.6822,0.6916,-0.0136,0.6842,0.6801,0.6359,2017-04-13 21:10:07
n0004,16.7093,16.6592,0.003,16.7595,16.6592,15.5764,2017-04-13 21:10:07
n0005,38.2011,37.8652,0.0089,38.3157,38.0865,35.6108,2017-04-13 21:10:07
n0006,58.2657,57.4205,0.0147,58.4405,58.0909,54.315,2017-04-13 21:10:07
n0007,94.7565,94.6297,0.0013,95.0408,94.4722,88.3315,2017-04-13 21:10:07
n0008,20.7053,20.5573,0.0072,20.7674,20.6432,19.3014,2017-04-13 21:10:07
n0009,1.0476,1.0541,-0.0062,1.0507,1.0444,0.9766,2017-04-13 21:10:07
n0010,120.3843,120.42399999999999,-0.0003,120.7454,120.0231,112.2216,2017-04-13 21:10:07
n0011,10.0169,10.1058,-0.0088,10.0469,9.9868,9.3377,2017-04-13 21:10:07
n0012,68.1024,67.574,0.0078,68.3067,67.8981,63.4847,2017-04-13 21:10:07
n0013,57.7972,57.0172,0.0137,57.9706,57.6238,53.8783,2017-04-13 21:10:07
n0014,3.4001,3.3991,0.0003,3.4103,3.3899,3.1696,2017-04-13 21:10:07
n0015,39.3306,39.0902,0.0062,39.4486,39.2126,36.6638,2017-04-13 21:10:07
n0016,1.2962,1.2808,0.012,1.3001,1.2923,1.2083,2017-04-13 21:10:07
n0017,34.6683,34.7159,-0.0014,34.7723,34.5643,32.3177,2017-04-13 21:10:07
n0018,20.7293,20.6368,0.0045,20.7914,20.6671,19.3237,2017-04-13 21:10:07
n0019,0.4991,0.5036,-0.0089,0.5006,0.4976,0.4653,2017-04-13 21:10:07
n0020,61.7057,61.8939,-0.003,61.8909,61.5206,57.5218,2017-04-13 21:10:07
n0021,3.8518,3.8967,-0.0115,3.8634,3.8403,3.5907,2017-04-13 21:10:07
n0022,26.1528,26.0198,0.0051,26.2312,26.0743,24.3795,2017-04-13 21:10:07
n0023,25.8531,25.5728,0.011000000000000001,25.9306,25.7755,24.1001,2017-04-13 21:10:07
n0024,6.5473,6.5632,-0.0024,6.567,6.5277,6.1034,2017-04-13 21:10:07
n0025,169.8574,169.2751,0.0034,170.36700000000005,169.3478,158.3402,2017-04-13 21:10:07
n0026,8.952,9.0419,-0.0099,8.9789,8.9252,8.345,2017-04-13 21:10:07
n0027,141.2272,141.8072,-0.0041,141.6509,140.8035,131.6513,2017-04-13 21:10:07
n0028,237.3056,234.36900000000003,0.0125,238.0176,236.5937,221.2151,2017-04-13 21:10:07
n0029,7.1974,7.2819,-0.0116,7.2189,7.1758,6.7093,2017-04-13 21:10:07
n0030,30.6401,30.4874,0.005,30.7321,30.5482,28.5626,2017-04-13 21:10:07
n0031,0.5581,0.5521,0.0109,0.5598,0.5564,0.5203,2017-04-13 21:10:07
n0032,42.3888,42.4959,-0.0025,42.51600000000001,42.2616,39.5146,2017-04-13 21:10:07
n0033,6.0659,6.0457,0.0033,6.0841,6.0477,5.6546,2017-04-13 21:10:07
n0034,1.9978,2.0081,-0.0051,2.0038,1.9918,1.8623,2017-04-13 21:10:07
n0035,743.3368,734.8929,0.0115,745.5668,741.1068,692.9349,2017-04-13 21:10:07
n0036,12.9368,13.1027,-0.0127,12.9756,12.898,12.0596,2017-04-13 21:10:07
n0001,20.0366,20.3262,-0.0142,20.0967,19.9764,18.678,2017-04-13 21:13:08
n0002,109.4732,108.682,0.0073,109.8016,109.1448,102.0504,2017-04-13 21:13:08
n0003,0.6878,0.6822,0.0082,0.6899,0.6857,0.6412,2017-04-13 21:13:08
n0004,16.6231,16.7093,-0.0052,16.6729,16.5732,15.496,2017-04-13 21:13:08
n0005,37.6804,38.2011,-0.0136,37.7935,37.5674,35.1255,2017-04-13 21:13:08
n0006,57.5269,58.2657,-0.0127,57.6995,57.3543,53.6263,2017-04-13 21:13:08
n0007,95.1298,94.7565,0.0039,95.4152,94.8445,88.6796,2017-04-13 21:13:08
n0008,20.6115,20.7053,-0.0045,20.6733,20.5497,19.2139,2017-04-13 21:13:08
n0009,1.0438,1.0476,-0.0036,1.047,1.0407,0.9731,2017-04-13 21:13:08
n0010,121.9529,120.3843,0.013,122.3188,121.587,113.6839,2017-04-13 21:13:08
n0011,10.0626,10.0169,0.0046,10.0928,10.0324,9.3803,2017-04-13 21:13:08
n0012,68.812,68.1024,0.0104,69.0185,68.6056,64.1462,2017-04-13 21:13:08
n0013,57.6261,57.7972,-0.003,57.799,57.4532,53.7188,2017-04-13 21:13:08
n0014,3.4099,3.4001,0.0029,3.4202,3.3997,3.1787,2017-04-13 21:13:08
n0015,38.918,39.3306,-0.0105,39.0348,38.8013,36.2792,2017-04-13 21:13:08
n0016,1.2902,1.2962,-0.0046,1.2941,1.2863,1.2027,2017-04-13 21:13:08
n0017,34.7106,34.6683,0.0012,34.8147,34.6065,32.357,2017-04-13 21:13:08
n0018,20.4772,20.7293,-0.0122,20.5387,20.4158,19.0888,2017-04-13 21:13:08
n0019,0.496,0.4991,-0.0063,0.4974,0.4945,0.4623,2017-04-13 21:13:08
n0020,62.3425,61.7057,0.0103,62.5295,62.1555,58.1154,2017-04-13 21:13:08
n0021,3.8589,3.8518,0.0018,3.8705,3.8473,3.5973,2017-04-13 21:13:08
n0022,26.3542,26.1528,0.0077,26.4332,26.2751,24.5672,2017-04-13 21:13:08
n0023,25.7063,25.8531,-0.0057,25.7834,25.6291,23.9632,2017-04-13 21:13:08
n0024,6.5485,6.5473,0.0002,6.5681,6.5288,6.1045,2017-04-13 21:13:08
n0025,167.6153,169.8574,-0.0132,168.1181,167.1124,156.2501,2017-04-13 21:13:08
n0026,8.8862,8.952,-0.0074,8.9129,8.8595,8.2837,2017-04-13 21:13:08
n0027,141.0168,141.2272,-0.0015,141.4398,140.5937,131.4551,2017-04-13 21:13:08
n0028,233.7769,237.3056,-0.0149,234.4782,233.0755,217.9256,2017-04-13 21:13:08
n0029,7.1325,7.1974,-0.009000000000000001,7.1539,7.1111,6.6489,2017-04-13 21:13:08
n0030,31.0234,30.6401,0.0125,31.1165,30.9303,28.9199,2017-04-13 21:13:08
n0031,0.5576,0.5581,-0.0009,0.5593,0.5559,0.5198,2017-04-13 21:13:08
n0032,42.3922,42.3888,0.0001,42.5194,42.265,39.5178,2017-04-13 21:13:08
n0033,6.015,6.0659,-0.0084,6.0331,5.997000000000001,5.6072,2017-04-13 21:13:08
n0034,2.0142,1.9978,0.0082,2.0203,2.0082,1.8777,2017-04-13 21:13:08
n0035,753.803,743.3368,0.0141,756.0644,751.5416,702.6914,2017-04-13 21:13:08
n0036,12.9459,12.9368,0.0007,12.9847,12.907,12.0681,2017-04-13 21:13:08
n0001,20.1171,20.0366,0.004,20.1775,20.0568,18.7531,2017-04-13 21:16:10
n0002,110.0162,109.4732,0.005,110.3462,109.6861,102.5565,2017-04-13 21:16:10
n0003,0.6854,0.6878,-0.0035,0.6874,0.6833,0.6389,2017-04-13 21:16:10
n0004,16.6622,16.6231,0.0024,16.7122,16.6122,15.5324,2017-04-13 21:16:10
n0005,37.2648,37.6804,-0.011000000000000001,37.3766,37.153,34.738,2017-04-13 21:16:10
n0006,57.2289,57.5269,-0.0052,57.4006,57.0572,53.3485,2017-04-13 21:16:10
n0007,96.2181,95.1298,0.0114,96.5067,95.9294,89.694,2017-04-13 21:16:10
n0008,20.3497,20.6115,-0.0127,20.4108,20.2887,18.9699,2017-04-13 21:16:10
n0009,1.0479,1.0438,0.0039,1.051,1.0447,0.9768,2017-04-13 21:16:10
n0010,123.1444,121.9529,0.0098,123.5138,122.7749,114.7946,2017-04-13 21:16:10
n0011,10.0757,10.0626,0.0013,10.1059,10.0455,9.3925,2017-04-13 21:16:10
n0012,68.9668,68.812,0.0022,69.1737,68.7599,64.2905,2017-04-13 21:16:10
n0013,57.2677,57.6261,-0.0062,57.4395,57.0959,53.3846,2017-04-13 21:16:10
n0014,3.4454,3.4099,0.0104,3.4557,3.435,3.2118,2017-04-13 21:16:10
n0015,38.3829,38.918,-0.0138,38.49800000000001,38.2677,35.7803,2017-04-13 21:16:10
n0016,1.2939,1.2902,0.0029,1.2978,1.29,1.2062,2017-04-13 21:16:10
n0017,35.0136,34.7106,0.0087,35.1187,34.9086,32.6395,2017-04-13 21:16:10
n0018,20.382,20.4772,-0.0046,20.4431,20.3208,19.0,2017-04-13 21:16:10
n0019,0.4966,0.496,0.0012,0.4981,0.4951,0.4629,2017-04-13 21:16:10
n0020,61.5832,62.3425,-0.0122,61.7679,61.3984,57.4075,2017-04-13 21:16:10
n0021,3.8345,3.8589,-0.0063,3.846,3.823,3.5745,2017-04-13 21:16:10
n0022,26.3418,26.3542,-0.0005,26.4208,26.2628,24.5557,2017-04-13 21:16:10
n0023,25.3503,25.7063,-0.0138,25.4263,25.2742,23.6314,2017-04-13 21:16:10
n0024,6.5988,6.5485,0.0077,6.6186,6.579,6.1514,2017-04-13 21:16:10
n0025,169.8848,167.6153,0.0135,170.3945,169.3752,158.3658,2017-04-13 21:16:10
n0026,8.8876,8.8862,0.0002,8.9143,8.861,8.285,2017-04-13 21:16:10
n0027,141.8643,141.0168,0.006,142.2899,141.4387,132.2452,2017-04-13 21:16:10
n0028,232.054,233.7769,-0.0074,232.7501,231.3578,216.3195,2017-04-13 21:16:10
n0029,7.1217,7.1325,-0.0015,7.1431,7.1004,6.6388,2017-04-13 21:16:10
n0030,30.5615,31.0234,-0.0149,30.6531,30.4698,28.4892,2017-04-13 21:16:10
n0031,0.5526,0.5576,-0.009000000000000001,0.5542,0.5509,0.5151,2017-04-13 21:16:10
n0032,42.7135,42.3922,0.0076,42.8417,42.5854,39.8173,2017-04-13 21:16:10
n0033,6.0958,6.015,0.0134,6.1141,6.0776,5.6825,2017-04-13 21:16:10
n0034,2.0143,2.0142,0.0001,2.0204,2.0083,1.8777,2017-04-13 21:16:10
n0035,758.258,753.803,0.0059,760.5327,755.9832,706.8443,2017-04-13 21:16:10
n0036,12.8492,12.9459,-0.0075,12.8877,12.8106,11.978,2017-04-13 21:16:10
n0001,20.0336,20.1171,-0.0042,20.0937,19.9735,18.6752,2017-04-13 21:19:11
n0002,110.2043,110.0162,0.0017,110.5349,109.8737,102.7319,2017-04-13 21:19:11
n0003,0.6774,0.6854,-0.0117,0.6794,0.6754,0.6315,2017-04-13 21:19:11
n0004,16.8263,16.6622,0.0098,16.8768,16.7758,15.6854,2017-04-13 21:19:11
n0005,37.6673,37.2648,0.0108,37.7803,37.5543,35.1132,2017-04-13 21:19:11
n0006,57.3622,57.2289,0.0023,57.5343,57.1902,53.4728,2017-04-13 21:19:11
n0007,97.0052,96.2181,0.0082,97.2962,96.7141,90.4277,2017-04-13 21:19:11
n0008,20.2439,20.3497,-0.0052,20.3046,20.1831,18.8712,2017-04-13 21:19:11
n0009,1.0486,1.0479,0.0007,1.0517,1.0454,0.9775,2017-04-13 21:19:11
n0010,121.578,123.1444,-0.0127,121.9427,121.2133,113.3344,2017-04-13 21:19:11
n0011,10.0065,10.0757,-0.0069,10.0365,9.9765,9.328,2017-04-13 21:19:11
n0012,68.8971,68.9668,-0.001,69.1038,68.6905,64.2256,2017-04-13 21:19:11
n0013,56.4436,57.2677,-0.0144,56.6129,56.2743,52.6165,2017-04-13 21:19:11
n0014,3.47,3.4454,0.0071,3.4804,3.4596,3.2347,2017-04-13 21:19:11
n0015,38.6934,38.3829,0.0081,38.8095,38.5773,36.0698,2017-04-13 21:19:11
n0016,1.2934,1.2939,-0.0004,1.2973,1.2895,1.2057,2017-04-13 21:19:11
n0017,34.5315,35.0136,-0.0138,34.6351,34.4279,32.1901,2017-04-13 21:19:11
n0018,20.2208,20.382,-0.0079,20.2814,20.1601,18.8497,2017-04-13 21:19:11
n0019,0.4956,0.4966,-0.0021,0.4971,0.4941,0.462,2017-04-13 21:19:11
n0020,62.4799,61.5832,0.0146,62.6673,62.2924,58.2434,2017-04-13 21:19:11
n0021,3.7978,3.8345,-0.0096,3.8092,3.7864,3.5403,2017-04-13 21:19:11
n0022,26.5272,26.3418,0.006999999999999999,26.6068,26.4477,24.7286,2017-04-13 21:19:11
n0023,25.1896,25.3503,-0.0063,25.2651,25.114,23.4816,2017-04-13 21:19:11
n0024,6.5956,6.5988,-0.0005,6.6154,6.5758,6.1484,2017-04-13 21:19:11
n0025,170.7971,169.8848,0.0054,171.3095,170.2847,159.2162,2017-04-13 21:19:11
n0026,8.8164,8.8876,-0.008,8.8429,8.79,8.2186,2017-04-13 21:19:11
n0027,143.7823,141.8643,0.0135,144.2137,143.351,134.0331,2017-04-13 21:19:11
n0028,235.4095,232.054,0.0145,236.1157,234.7033,219.4476,2017-04-13 21:19:11
n0029,7.1644,7.1217,0.006,7.1859,7.1429,6.6786,2017-04-13 21:19:11
n0030,30.9237,30.5615,0.0118,31.0164,30.8309,28.8269,2017-04-13 21:19:11
n0031,0.5518,0.5526,-0.0015,0.5534,0.5501,0.5143,2017-04-13 21:19:11
n0032,42.898,42.7135,0.0043,43.0267,42.7693,39.9893,2017-04-13 21:19:11
n0033,6.0406,6.0958,-0.0091,6.0587,6.0225,5.631,2017-04-13 21:19:11
n0034,2.0079,2.0143,-0.0032,2.0139,2.0018,1.8717,2017-04-13 21:19:11
n0035,760.2674,758.258,0.0026,762.5482,757.9866,708.7175,2017-04-13 21:19:11
n0036,12.7113,12.8492,-0.0107,12.7495,12.6732,11.8494,2017-04-13 21:19:11
n0001,19.8852,20.0336,-0.0074,19.9448,19.8255,18.5368,2017-04-13 21:22:13
n0002,111.2193,110.2043,0.0092,111.5529,110.8856,103.6781,2017-04-13 21:22:13
n0003,0.6673,0.6774,-0.0149,0.6693,0.6653,0.622,2017-04-13 21:22:13
n0004,16.9372,16.8263,0.0066,16.988,16.8864,15.7888,2017-04-13 21:22:13
n0005,37.9513,37.6673,0.0075,38.0652,37.8375,35.378,2017-04-13 21:22:13
n0006,57.3089,57.3622,-0.0009,57.4808,57.1369,53.423,2017-04-13 21:22:13
n0007,95.6171,97.0052,-0.0143,95.9039,95.3302,89.1337,2017-04-13 21:22:13
n0008,20.0726,20.2439,-0.0085,20.1329,20.0124,18.7116,2017-04-13 21:22:13
n0009,1.0572,1.0486,0.0082,1.0603,1.054,0.9855,2017-04-13 21:22:13
n0010,123.2825,121.57799999999999,0.013999999999999999,123.6524,122.9127,114.9234,2017-04-13 21:22:13
n0011,9.9052,10.0065,-0.0101,9.9349,9.8755,9.2336,2017-04-13 21:22:13
n0012,69.3449,68.8971,0.0065,69.553,69.1369,64.643,2017-04-13 21:22:13
n0013,57.1407,56.4436,0.0124,57.3121,56.9693,53.2663,2017-04-13 21:22:13
n0014,3.4664,3.47,-0.001,3.4768,3.4560000000000004,3.2314,2017-04-13 21:22:13
n0015,38.8803,38.6934,0.0048,38.9969,38.7636,36.244,2017-04-13 21:22:13
n0016,1.2887,1.2934,-0.0036,1.2925,1.2848,1.2013,2017-04-13 21:22:13
n0017,34.9794,34.5315,0.013000000000000001,35.0843,34.8744,32.6076,2017-04-13 21:22:13
n0018,19.9949,20.2208,-0.0112,20.0549,19.9349,18.6392,2017-04-13 21:22:13
n0019,0.493,0.4956,-0.0053,0.4944,0.4915,0.4595,2017-04-13 21:22:13
n0020,63.1859,62.4799,0.0113,63.3755,62.9964,58.9016,2017-04-13 21:22:13
n0021,3.7489999999999997,3.7978,-0.0128,3.7603,3.7378,3.4948,2017-04-13 21:22:13
n0022,26.6275,26.5272,0.0038,26.7074,26.5476,24.822,2017-04-13 21:22:13
n0023,25.4324,25.1896,0.0096,25.5087,25.3561,23.708000000000002,2017-04-13 21:22:13
n0024,6.5709,6.5956,-0.0037,6.5906,6.5512,6.1254,2017-04-13 21:22:13
n0025,171.1575,170.7971,0.0021,171.671,170.644,159.5521,2017-04-13 21:22:13
n0026,8.717,8.8164,-0.0113,8.7432,8.6909,8.126,2017-04-13 21:22:13
n0027,145.2575,143.7823,0.0103,145.6933,144.8217,135.4083,2017-04-13 21:22:13
n0028,238.0484,235.4095,0.0112,238.7626,237.3343,221.9076,2017-04-13 21:22:13
n0029,7.184,7.1644,0.0027,7.2055,7.1624,6.6969,2017-04-13 21:22:13
n0030,30.5944,30.9237,-0.0106,30.6861,30.5026,28.5199,2017-04-13 21:22:13
n0031,0.5492,0.5518,-0.0048,0.5508,0.5475,0.5119,2017-04-13 21:22:13
n0032,42.9435,42.898,0.0011,43.0723,42.8146,40.0317,2017-04-13 21:22:13
n0033,5.9662,6.0406,-0.0123,5.9841,5.9483,5.5616,2017-04-13 21:22:13
n0034,1.9949,2.0079,-0.0065,2.0009,1.9889,1.8597,2017-04-13 21:22:13
n0035,767.9917,760.2674,0.0102,770.2957,765.6877,715.918,2017-04-13 21:22:13
n0036,12.5336,12.7113,-0.013999999999999999,12.5712,12.495999999999999,11.6838,2017-04-13 21:22:13
n0001,1.3615,1.3449,0.0124,1.3656,1.3574,1.2692,2017-05-04 14:12:08
n0002,363.1401,360.7913,0.0065,364.2295,362.0506,338.5173,2017-05-04 14:12:08
n0003,0.2547,0.2545,0.0006,0.2554,0.2539,0.2374,2017-05-04 14:12:08
n0004,11.0657,11.1237,-0.0052,11.0989,11.0325,10.3154,2017-05-04 14:12:08
n0005,11.3397,11.3027,0.0033,11.3737,11.3056,10.5708,2017-05-04 14:12:08
n0006,84.5372,84.7567,-0.0026,84.7908,84.2836,78.8051,2017-05-04 14:12:08
n0007,140.6679,141.8652,-0.0084,141.0899,140.2459,131.1299,2017-05-04 14:12:08
n0008,2.7776,2.8179,-0.0143,2.7859,2.7693,2.5893,2017-05-04 14:12:08
n0009,3.3264,3.3459,-0.0058,3.3364,3.3164,3.1008,2017-05-04 14:12:08
n0010,116.8718,118.253,-0.0117,117.2224,116.5212,108.9473,2017-05-04 14:12:08
n0011,2.5412,2.5099,0.0125,2.5488,2.5335,2.3689,2017-05-04 14:12:08
n0012,171.2443,170.1215,0.0066,171.758,170.7306,159.6331,2017-05-04 14:12:08
n0013,45.3,45.9861,-0.0149,45.4359,45.1641,42.2284,2017-05-04 14:12:08
n0014,0.9623,0.9535,0.0092,0.9652,0.9594,0.897,2017-05-04 14:12:08
n0015,14.5639,14.515,0.0034,14.6076,14.5202,13.5764,2017-05-04 14:12:08
n0016,1.5844,1.5884,-0.0025,1.5892,1.5797,1.477,2017-05-04 14:12:08
n0017,92.251,91.7026,0.006,92.5277,91.9742,85.9959,2017-05-04 14:12:08
n0018,7.7572,7.7562,0.0001,7.7805,7.7339,7.2312,2017-05-04 14:12:08
n0019,0.7697,0.7741,-0.0057,0.772,0.7674,0.7175,2017-05-04 14:12:08
n0020,87.4401,88.4645,-0.0116,87.7024,87.1778,81.5112,2017-05-04 14:12:08
n0021,1.8082,1.8138,-0.0031,1.8136,1.8027,1.6856,2017-05-04 14:12:08
n0022,17.7237,17.8841,-0.009,17.7769,17.6705,16.5219,2017-05-04 14:12:08
n0023,4.0421,4.1029,-0.0148,4.0542,4.03,3.768,2017-05-04 14:12:08
n0024,3.2018,3.1722,0.0093,3.2114,3.1922,2.9847,2017-05-04 14:12:08
n0025,31.0103,31.3936,-0.0122,31.1033,30.9173,28.9076,2017-05-04 14:12:08
n0026,5.3181,5.2554,0.0119,5.3341,5.3022,4.9576,2017-05-04 14:12:08
n0027,203.3829,202.1538,0.0061,203.993,202.7727,189.5925,2017-05-04 14:12:08
n0028,114.3002,114.2739,0.0002,114.6431,113.9573,106.5501,2017-05-04 14:12:08
n0029,3.9403,3.9063,0.0087,3.9521,3.9285,3.6731,2017-05-04 14:12:08
n0030,49.952,49.8105,0.0028,50.1018,49.8021,46.565,2017-05-04 14:12:08
n0031,0.3254,0.3264,-0.003,0.3264,0.3244,0.3034,2017-05-04 14:12:08
n0032,59.0724,59.6011,-0.0089,59.2497,58.8952,55.067,2017-05-04 14:12:08
n0033,4.7899,4.7684,0.0045,4.8043,4.7755,4.4651,2017-05-04 14:12:08
n0034,0.928,0.9292,-0.0013,0.9307,0.9252,0.865,2017-05-04 14:12:08
n0035,1003.9411,996.8337,0.0071,1006.9529,1000.9293,935.8689,2017-05-04 14:12:08
n0036,3.1992,3.1951,0.0013,3.2088,3.1896,2.9822,2017-05-04 14:12:08
